,ClusterID,Game mode,Game type
ClusterID,1.0,0.001228082923267347,-0.020367670480487373
Game mode,0.001228082923267347,1.0,-0.01892233313907647
Game type,-0.020367670480487373,-0.01892233313907647,1.0
